Tenure_Group,Total_Customers,Churned_Customers,Churn_Rate
0-1 Year,442,122,0.27601809954751133
1-2 Years,208,54,0.25961538461538464
2-4 Years,316,84,0.26582278481012656
4-6 Years,438,113,0.2579908675799087
