Metric,Score,Percentage
Accuracy,0.794180269694819,79.4%
Precision,0.635483870967742,63.5%
Recall,0.5267379679144385,52.7%
F1-Score,0.5760233918128655,57.6%
ROC-AUC,0.8384690898757394,83.8%
