Risk_Segment,Monthly_Revenue,Customer_Count,Annual_Revenue,Avg_Revenue_Per_Customer,Revenue_Percentage
Low Risk,57616.65,869,691399.8,66.30224395857307,0.6194955688223578
Medium Risk,22305.45,336,267665.4,66.38526785714286,0.23982872026729532
High Risk,13083.65,204,157003.8,64.13553921568628,0.14067571091034695
