Risk_Segment,Customer_Count,Actual_Churners,Avg_Churn_Probability,Avg_Monthly_Charge,Total_Monthly_Revenue,Avg_Tenure,Actual_Churn_Rate,Annual_Revenue_at_Risk
Low Risk,869,88,0.08607817,66.30224395857307,57616.65,32.100115074798616,0.10126582278481013,691399.8
Medium Risk,336,141,0.4460916,66.38526785714286,22305.45,32.708333333333336,0.41964285714285715,267665.4
High Risk,204,145,0.7431725,64.13553921568628,13083.65,30.583333333333332,0.7107843137254902,157003.8
