Scenario,Customers_Identified,Customers_Saved,Revenue_Saved,Campaign_Cost,Net_Savings,ROI
50% Recall,187,56,44436.813981547195,9350.0,35086.813981547195,375.2600425833925
60% Recall,224,67,53324.17677785663,11220.0,42104.17677785663,375.2600425833924
70% Recall,261,78,62211.539574166076,13090.0,49121.539574166076,375.2600425833925
80% Recall,299,89,71098.90237047551,14960.0,56138.90237047551,375.2600425833924
